{
  "NYK": 1641.6692757620222,
  "PHI": 1539.6213366045654,
  "NOP": 1250.2757315037288,
  "MEL": 1464.0315709080244,
  "LAL": 1577.517433948347,
  "PHX": 1626.3931343295276,
  "BKN": 1389.399865816873,
  "HAPOEL": 1446.2472159231584,
  "MIA": 1499.3209026814707,
  "ORL": 1634.5539006737267,
  "DEN": 1676.4586062438661,
  "MIN": 1546.282931539439,
  "CHA": 1413.217082716464,
  "OKC": 1827.7178784984865,
  "GSW": 1535.1660310241925,
  "MIL": 1381.0609246204915,
  "HOU": 1661.473339405336,
  "ATL": 1455.2954708769396,
  "MEM": 1505.3083640803577,
  "DET": 1663.8639815686415,
  "SAS": 1668.0071658960771,
  "GUANGZHOU": 1357.5070215444764,
  "DAL": 1584.0585428637587,
  "TOR": 1512.6438659814498,
  "CLE": 1545.477383686941,
  "CHI": 1246.9136855711045,
  "IND": 1409.7983008569324,
  "UTA": 1406.2389117344674,
  "BOS": 1682.7318186866912,
  "POR": 1435.360753188754,
  "SAC": 1323.619438638222,
  "LAC": 1352.8093136939162,
  "WAS": 1239.9588189315505
}